sale_date,store_id,customer_id,product,quantity,price,total,status
2025-12-02,NW-103,470a2751-838c-4f6f-9493-b9093806f582,Extra Batch Product,4,480.29,1921.16,Completed
2025-11-23,NW-107,c949a2c6-7b84-4785-9703-1ac65137a184,Extra Batch Product,5,338.74,1693.7,Completed
2025-12-19,NW-122,be221047-17c9-4f17-a7eb-044ac2025a89,Extra Batch Product,3,139.99,419.97,Completed
2025-12-12,NW-088,b9ff912f-e7f0-422d-8595-28c7d2dd7008,Extra Batch Product,5,340.45,1702.25,Completed
2025-12-19,NW-152,f28b7cc2-16d1-47a6-b303-4a97a0425d58,Extra Batch Product,3,108.23,324.69,Completed
2025-12-19,NW-002,9517a502-fa61-42b7-b866-3592e52dd291,Extra Batch Product,4,475.42,1901.68,Completed
2025-12-16,NW-130,f10ac471-6cc5-44f7-ae19-988b5a6f0a33,Extra Batch Product,4,173.36,693.44,Completed
2025-12-16,NW-058,d3b1e15a-7cf1-4d16-912a-23a954f8c6d6,Extra Batch Product,5,272.78,1363.8999999999999,Completed
2025-12-05,NW-049,a973c69a-dc9d-4d58-bb7f-02202f167f74,Extra Batch Product,3,344.74,1034.22,Completed
2025-12-11,NW-170,7b75fb47-6c97-4ea3-98f6-9fe64b05e3d7,Extra Batch Product,4,489.5,1958.0,Completed
2025-12-17,NW-015,d4228ce5-af55-49c2-a13f-91a59484315f,Extra Batch Product,3,252.98,758.9399999999999,Completed
2025-12-13,NW-064,6b1a92ea-e644-4788-951d-864ce3412cbe,Extra Batch Product,1,118.58,118.58,Completed
2025-12-12,NW-051,28b963a9-993d-438e-bfac-c9d5519e9270,Extra Batch Product,5,280.2,1401.0,Completed
2025-12-03,NW-018,ff8e254d-923e-4b3f-8eb9-acbe6622b627,Extra Batch Product,4,476.88,1907.52,Completed
2025-12-20,NW-014,6f6a27f3-fd3a-434c-9ee6-21a24ae91664,Extra Batch Product,2,254.17,508.34,Completed
2025-12-18,NW-090,1f87540c-c542-4a61-b0cf-71ce567e0f14,Extra Batch Product,5,192.36,961.8000000000001,Completed
2025-12-11,NW-092,1491e9b8-cfa9-420d-b494-0e67ae319c95,Extra Batch Product,4,148.82,595.28,Completed
2025-11-27,NW-008,a4dadcc0-da84-4985-b835-7eddc3be59cc,Extra Batch Product,3,463.73,1391.19,Completed
2025-12-09,NW-164,25c6864e-aa9b-438b-bf19-f307083e795f,Extra Batch Product,2,365.01,730.02,Completed
2025-12-20,NW-002,fcde5c3e-81b4-4d70-984e-e8d4418b5e15,Extra Batch Product,2,327.08,654.16,Completed
2025-11-26,NW-146,fae468e8-e1a8-49dd-9ce8-dd91ca5bfa0d,Extra Batch Product,2,279.9,559.8,Completed
2025-12-11,NW-014,bbb09641-ed0f-4d17-852f-fdf5145b5f3f,Extra Batch Product,4,118.09,472.36,Completed
2025-12-14,NW-040,a8882da5-b0d6-4b92-ba47-24494cb9a5d1,Extra Batch Product,5,255.47,1277.35,Completed
2025-11-23,NW-082,447ecb6e-0074-438c-b426-ab312dbd946b,Extra Batch Product,5,334.7,1673.5,Completed
2025-12-15,NW-124,c3a97996-d6a3-4eea-bf72-d2e01c9029c7,Extra Batch Product,5,156.37,781.85,Completed
2025-12-01,NW-015,628561b7-60c2-417d-bcaf-b701e0189bd7,Extra Batch Product,5,129.82,649.0999999999999,Completed
2025-12-19,NW-071,f1fb66e6-a161-4b26-bfdf-25797cc92019,Extra Batch Product,1,408.9,408.9,Completed
2025-11-25,NW-136,18e01ee0-0450-4588-bc45-e1b9f55403e5,Extra Batch Product,3,179.54,538.62,Completed
2025-12-14,NW-136,a7269c16-00b2-43b5-b5e0-12852aa55e0f,Extra Batch Product,3,416.07,1248.21,Completed
2025-12-05,NW-123,8c3b15cb-0c76-4738-9391-e98c30b342d2,Extra Batch Product,5,470.52,2352.6,Completed
2025-12-19,NW-041,a501b0dc-ba1f-40e1-9986-4fc72be55ee0,Extra Batch Product,4,445.24,1780.96,Completed
2025-11-22,NW-072,985df5ee-9763-4f7a-9868-addb8cb39bc7,Extra Batch Product,4,232.36,929.44,Completed
2025-12-11,NW-048,eba7b0c0-8b8f-4eec-8d0c-799f236827a2,Extra Batch Product,5,391.84,1959.1999999999998,Completed
2025-12-17,NW-104,e64abff1-1471-467e-a87a-b3951abba7e3,Extra Batch Product,3,324.5,973.5,Completed
2025-11-28,NW-101,d5d3b2f5-02c3-4e38-b908-840faba4ed3e,Extra Batch Product,3,404.31,1212.93,Completed
2025-12-06,NW-142,8cc94354-151d-477a-8cd6-a69c51615778,Extra Batch Product,3,309.09,927.27,Completed
2025-12-01,NW-015,316c1f59-9515-4d16-ad59-240e81f6b73f,Extra Batch Product,2,110.17,220.34,Completed
2025-12-07,NW-179,4083e080-b0a7-48e3-ad04-73c799ea7362,Extra Batch Product,1,225.74,225.74,Completed
2025-12-12,NW-096,abbb338e-7d1e-44f8-b53c-3e77902ebd3b,Extra Batch Product,4,463.03,1852.12,Completed
2025-12-17,NW-151,d6e49724-cf46-4ade-8005-38baec5b0b27,Extra Batch Product,5,315.94,1579.7,Completed
2025-12-17,NW-029,6e07b01f-c2f2-4b9b-b2f8-0db1020e0701,Extra Batch Product,4,477.14,1908.56,Completed
2025-12-11,NW-071,be40e76d-97ba-4c98-9f63-0f930d609b5b,Extra Batch Product,3,377.91,1133.73,Completed
2025-12-09,NW-028,ae048881-2626-49b2-9231-a42ce5a43963,Extra Batch Product,2,349.74,699.48,Completed
2025-11-29,NW-062,10d7703d-14a7-44cd-aa0a-5375e6552501,Extra Batch Product,1,142.2,142.2,Completed
2025-11-29,NW-028,3474b4a6-2edb-4cc1-a0cd-07f37f57ebee,Extra Batch Product,4,187.38,749.52,Completed
2025-12-09,NW-084,e683cb86-f5c5-408b-bd06-2bb5d9970a5a,Extra Batch Product,3,229.74,689.22,Completed
2025-12-18,NW-092,71baeeab-6ef5-4f99-8592-9ec300dee98f,Extra Batch Product,1,227.2,227.2,Completed
2025-11-23,NW-129,e3ef139f-88de-42c7-a947-ecb8863d7679,Extra Batch Product,1,359.08,359.08,Completed
2025-12-15,NW-121,31b8d0c7-266a-47d6-9873-242bb3a511b4,Extra Batch Product,4,241.03,964.12,Completed
2025-11-30,NW-003,0a630f0f-a80a-4a3b-93bf-525c4c9380a5,Extra Batch Product,3,266.96,800.8799999999999,Completed
2025-11-27,NW-165,fe156eb7-06c4-4959-a5a9-e20a301f5713,Extra Batch Product,1,147.95,147.95,Completed
2025-12-09,NW-172,dbce774a-32a6-418c-b2b9-ae0468f043df,Extra Batch Product,3,229.28,687.84,Completed
2025-12-11,NW-096,8abead1e-9451-4107-9b35-7771cd12db09,Extra Batch Product,1,261.53,261.53,Completed
2025-11-25,NW-062,418cddc5-f0fb-430e-990f-ade0fea7f346,Extra Batch Product,1,201.57,201.57,Completed
2025-12-01,NW-012,9a2a53e1-851a-4cee-be82-5ef1832b6510,Extra Batch Product,2,384.91,769.82,Completed
2025-12-19,NW-101,961be075-e0ce-47ca-b9a0-24e78ebe1f90,Extra Batch Product,1,499.1,499.1,Completed
2025-12-09,NW-113,b78181a8-4211-4b54-8510-01e16d52c353,Extra Batch Product,2,301.07,602.14,Completed
2025-12-06,NW-054,9a2e03d2-f602-414f-bd81-a45ca52cf8a9,Extra Batch Product,5,238.03,1190.15,Completed
2025-11-23,NW-129,16de3d02-27f7-496c-96eb-aa2d675e75ac,Extra Batch Product,3,372.28,1116.84,Completed
2025-12-18,NW-053,90ea90e2-b2f5-4544-8f79-04c08eb8bd49,Extra Batch Product,4,279.11,1116.44,Completed
2025-12-12,NW-160,7f1a4097-ce45-4422-9958-d3e6681d41b5,Extra Batch Product,4,132.34,529.36,Completed
2025-11-30,NW-123,7c4a4236-32d6-4d2d-b350-a43d04b66d98,Extra Batch Product,1,391.29,391.29,Completed
2025-11-23,NW-024,0a4420dc-161f-4e31-a25d-72cd343e64df,Extra Batch Product,5,352.92,1764.6000000000001,Completed
2025-11-25,NW-139,33b9ad73-2a51-4b61-9acc-49dfcf4a2aee,Extra Batch Product,1,160.29,160.29,Completed
2025-12-04,NW-070,bbe34d16-bd6a-4c10-80b1-1d129a36128d,Extra Batch Product,5,443.34,2216.7,Completed
2025-12-06,NW-164,60d5a8fc-3a3b-468f-a72b-56ad9b573a84,Extra Batch Product,3,384.46,1153.3799999999999,Completed
2025-11-24,NW-147,04169a92-da2a-4961-8516-6feca163fa18,Extra Batch Product,4,358.07,1432.28,Completed
2025-11-25,NW-052,056b6925-d6e4-4607-8569-fadcef8388c4,Extra Batch Product,1,376.38,376.38,Completed
2025-12-08,NW-128,77982a1d-0a56-4f3a-8704-0853f198fb22,Extra Batch Product,2,435.08,870.16,Completed
2025-12-18,NW-011,9c63fe6e-9f51-4c0e-9b32-937af8e8273e,Extra Batch Product,4,394.09,1576.36,Completed
2025-12-05,NW-178,86a8cc94-de38-4fad-a5e3-8a4b5ed343e0,Extra Batch Product,2,203.18,406.36,Completed
2025-11-22,NW-144,a33f2415-dd33-409a-a060-53bbfdb1aa4b,Extra Batch Product,2,492.87,985.74,Completed
2025-11-29,NW-060,fe590b5c-5d4b-4367-be5f-7c4fb4966927,Extra Batch Product,1,196.74,196.74,Completed
2025-12-09,NW-048,65917129-0812-42b9-9755-cb98f3635c8e,Extra Batch Product,4,323.32,1293.28,Completed
2025-11-27,NW-160,723e5518-a8a1-41e5-b104-61b454509d59,Extra Batch Product,3,175.48,526.4399999999999,Completed
2025-11-30,NW-099,d4f94eb8-ec0d-45f6-b226-f7633998aff5,Extra Batch Product,3,390.38,1171.1399999999999,Completed
2025-11-27,NW-131,b32a9edb-7224-4b4a-802b-738fd503f967,Extra Batch Product,4,454.83,1819.32,Completed
2025-12-16,NW-120,eab2235d-aad2-4d07-8f3d-59bd64c19802,Extra Batch Product,1,356.81,356.81,Completed
2025-12-09,NW-075,567f0610-96c8-4778-aae6-527d291dd719,Extra Batch Product,1,164.65,164.65,Completed
2025-12-17,NW-166,39d8e199-3ddf-4e7b-a3a3-d9e3f0ecf7fc,Extra Batch Product,4,332.27,1329.08,Completed
2025-12-14,NW-112,d07cac10-4b48-4d85-8914-3c32934acdb6,Extra Batch Product,1,365.4,365.4,Completed
2025-11-27,NW-093,1ca3d663-0b13-48a4-84dc-aac669be3de2,Extra Batch Product,2,164.32,328.64,Completed
2025-12-12,NW-082,1a929093-cc1e-4c5f-adce-7e2075c29c50,Extra Batch Product,2,376.76,753.52,Completed
2025-11-25,NW-169,a7971979-adaf-491a-ba54-f4be7804e8b3,Extra Batch Product,4,384.87,1539.48,Completed
2025-12-19,NW-033,1a9b9f51-ae28-4bbc-9f15-1ed36bd951df,Extra Batch Product,5,171.53,857.65,Completed
2025-12-20,NW-128,1aa1934b-e633-4394-9cd3-337a52571b02,Extra Batch Product,3,363.05,1089.15,Completed
2025-11-30,NW-033,aa289ed4-1f53-492b-8f5d-10bac0221af5,Extra Batch Product,4,303.53,1214.12,Completed
2025-12-01,NW-119,63eecc3a-a91e-4283-8402-60b5d5185fdb,Extra Batch Product,5,294.7,1473.5,Completed
2025-12-12,NW-008,c963a513-950c-4ca8-b5ea-32c87c46359d,Extra Batch Product,3,273.76,821.28,Completed
2025-11-25,NW-021,9378f2bb-c950-4cf5-976c-5feafd341b3c,Extra Batch Product,1,330.76,330.76,Completed
2025-12-16,NW-061,06b95752-5fc1-4a66-bb44-5f590221d5b8,Extra Batch Product,3,328.8,986.4000000000001,Completed
2025-11-28,NW-049,10d69b5a-62d1-481f-b95a-8a52516f76d4,Extra Batch Product,1,497.82,497.82,Completed
2025-12-11,NW-158,4459f80f-4adf-4391-a40f-a9ed00b2e62a,Extra Batch Product,5,211.82,1059.1,Completed
2025-12-21,NW-006,618289a6-d8c5-4be8-85af-8893685f3c47,Extra Batch Product,3,399.09,1197.27,Completed
2025-12-01,NW-037,d101c319-169b-4dff-a528-8c0a25323283,Extra Batch Product,5,271.27,1356.35,Completed
2025-11-22,NW-095,a24eaeab-a958-4537-811f-86c706a90990,Extra Batch Product,3,492.13,1476.3899999999999,Completed
2025-12-11,NW-116,4f1b5bab-4d13-4148-a9ec-e7fd4f8c28c5,Extra Batch Product,5,254.04,1270.2,Completed
2025-12-12,NW-161,97b93164-9f7a-44cf-8d20-d56be07b858f,Extra Batch Product,3,167.8,503.40000000000003,Completed
2025-12-03,NW-025,5e81d293-58b8-4ad9-9af3-bff90e646b42,Extra Batch Product,2,474.46,948.92,Completed
2025-11-28,NW-058,bfa5a173-91a6-43eb-bf4f-90d50a57dbe5,Extra Batch Product,3,328.02,984.06,Completed
2025-12-02,NW-024,5c71c8c7-d704-4f06-91a8-b7d359bb0d1c,Extra Batch Product,2,346.0,692.0,Completed
2025-12-06,NW-086,2bfc34de-3473-4a9e-a28f-5f2250f75998,Extra Batch Product,2,201.67,403.34,Completed
2025-12-09,NW-130,a966a9b2-70e3-42db-9b13-5ad4718617c5,Extra Batch Product,2,396.31,792.62,Completed
2025-12-17,NW-161,2306dbe1-d542-4132-b995-e2366f5afd06,Extra Batch Product,1,380.99,380.99,Completed
2025-12-08,NW-176,b0e3124a-b977-4a43-bce7-0614e5eca884,Extra Batch Product,5,218.6,1093.0,Completed
2025-12-05,NW-026,4ca5dd53-e3da-4dc3-aba2-51adfdbcc7a3,Extra Batch Product,3,202.48,607.4399999999999,Completed
2025-11-23,NW-152,935c368c-a4f5-45a8-80b1-11b12fd025f7,Extra Batch Product,5,132.64,663.1999999999999,Completed
2025-11-29,NW-135,3f7fe585-b232-4e52-9fb7-ed9faf8a7205,Extra Batch Product,1,351.16,351.16,Completed
2025-12-19,NW-020,f4bcf2d1-e775-4cd3-b9a3-f68bf238f41f,Extra Batch Product,1,128.38,128.38,Completed
2025-11-30,NW-144,a8a8df5d-5ed2-4fc4-96d7-00fd57b92348,Extra Batch Product,4,454.65,1818.6,Completed
2025-11-22,NW-143,d35dd782-1b32-42df-bbc5-d1eedcfd3168,Extra Batch Product,4,331.55,1326.2,Completed
2025-12-20,NW-032,0411817a-549b-4f79-9fbd-9b8e27288cb6,Extra Batch Product,3,286.24,858.72,Completed
2025-12-13,NW-063,a5bc74c2-4dd3-4849-8998-9154e35cee9d,Extra Batch Product,5,435.57,2177.85,Completed
2025-12-21,NW-058,d0a55c2e-d707-480a-8d38-9bb1759bd6a1,Extra Batch Product,1,114.94,114.94,Completed
2025-12-21,NW-070,ac05e454-1327-4627-aec3-08b8896efdab,Extra Batch Product,3,150.82,452.46,Completed
2025-12-07,NW-008,bbc81284-a103-49ee-a269-412cdd5c0929,Extra Batch Product,5,208.62,1043.1,Completed
2025-11-24,NW-108,911dcac7-13c7-4734-bb6e-a6b1854d1f08,Extra Batch Product,5,282.91,1414.5500000000002,Completed
2025-12-08,NW-006,8d207524-d1ec-4f43-867e-0b4b154eaa99,Extra Batch Product,5,177.75,888.75,Completed
2025-11-23,NW-094,5154595e-c3cc-4be1-8aa0-d63790bb3d94,Extra Batch Product,3,354.97,1064.91,Completed
2025-12-09,NW-052,023ac950-fbd9-4f0b-a8bb-74df610c600c,Extra Batch Product,5,487.81,2439.05,Completed
2025-12-04,NW-106,04c14169-5ad5-43cc-9383-528bfcc43343,Extra Batch Product,3,418.07,1254.21,Completed
2025-12-10,NW-063,33861421-4137-47aa-9859-0fbc3bf595f7,Extra Batch Product,3,275.59,826.77,Completed
2025-11-30,NW-090,81523573-4318-4627-87ee-ec1b9d140d3a,Extra Batch Product,5,173.73,868.65,Completed
2025-12-17,NW-062,cbd2789c-ce46-47b6-8bfe-03294e2f7166,Extra Batch Product,1,375.4,375.4,Completed
2025-12-18,NW-129,8db43c39-da56-4da3-9dca-e496797b70a6,Extra Batch Product,2,466.09,932.18,Completed
2025-12-20,NW-034,854de054-98a2-42b6-9c34-81e3cf5291be,Extra Batch Product,1,364.08,364.08,Completed
2025-11-25,NW-117,1d0eb520-eb4e-4f9b-9611-db3519e06def,Extra Batch Product,1,481.95,481.95,Completed
2025-12-14,NW-069,2c4ebec5-877e-438b-8ac9-84d281d30559,Extra Batch Product,5,267.84,1339.1999999999998,Completed
2025-12-12,NW-076,913d8c79-a7ed-43f0-a7ed-1405024a6284,Extra Batch Product,2,242.39,484.78,Completed
2025-12-06,NW-086,b9e77142-a75c-4afa-96b4-bda9f47080c4,Extra Batch Product,1,236.75,236.75,Completed
2025-12-02,NW-069,abf9820c-1095-4139-9195-cc354a84c3c1,Extra Batch Product,1,224.57,224.57,Completed
2025-11-25,NW-144,f6995a3a-df5b-4b35-81c0-aae790188fe3,Extra Batch Product,2,405.35,810.7,Completed
2025-12-04,NW-085,af252155-f25f-44e1-bf5e-4a023bf7c103,Extra Batch Product,4,169.28,677.12,Completed
2025-11-28,NW-101,d7818d26-70f2-4026-aeea-d7898c7ace63,Extra Batch Product,2,346.34,692.68,Completed
2025-12-10,NW-069,bbd35892-e984-4bc2-b450-7ce269c4b2a4,Extra Batch Product,4,118.12,472.48,Completed
2025-11-27,NW-138,4d5d52d0-5914-423a-a18e-e3ea2e1ed804,Extra Batch Product,2,473.37,946.74,Completed
2025-12-10,NW-096,6916a038-6ce0-435f-88b4-c11d7552847f,Extra Batch Product,1,315.75,315.75,Completed
2025-12-03,NW-004,60714d60-1478-4075-9549-46a8e1b8b36d,Extra Batch Product,2,110.6,221.2,Completed
2025-12-03,NW-128,41b633b4-a88f-4331-b078-f4d40317e71a,Extra Batch Product,3,420.38,1261.1399999999999,Completed
2025-11-23,NW-140,25c03110-135e-460c-9067-d28c34fbb562,Extra Batch Product,2,329.35,658.7,Completed
2025-12-14,NW-033,79e84458-3a0f-4120-a02f-460139b9a1d2,Extra Batch Product,1,424.48,424.48,Completed
2025-11-25,NW-171,f406184c-7550-4b6d-ad7e-00910374c94d,Extra Batch Product,5,350.38,1751.9,Completed
2025-12-11,NW-065,7590df6c-342b-4281-8480-10680a755e2c,Extra Batch Product,1,360.59,360.59,Completed
2025-12-05,NW-043,c1e6ee7b-9745-4aec-851d-5c7ce8592c87,Extra Batch Product,4,209.58,838.32,Completed
2025-12-21,NW-012,baaf9616-5f80-45f4-96f0-58332294687f,Extra Batch Product,2,115.59,231.18,Completed
2025-12-14,NW-035,fbb64862-3c48-4c76-aeb7-fd019443b6ce,Extra Batch Product,1,362.29,362.29,Completed
2025-12-17,NW-093,f7873655-0e9e-4dd9-943d-8195d43cd0f5,Extra Batch Product,2,372.65,745.3,Completed
2025-12-01,NW-162,203d738a-50c4-4e0b-87b7-0d26fabab794,Extra Batch Product,3,212.74,638.22,Completed
2025-12-03,NW-058,38a75980-e629-4ac2-acba-e946950ef0f5,Extra Batch Product,5,239.33,1196.65,Completed
2025-11-29,NW-075,7e5b0766-aba9-4a07-a580-2c0baa146cd7,Extra Batch Product,5,115.67,578.35,Completed
2025-12-01,NW-021,821da350-9df8-42f1-911f-5921440d416b,Extra Batch Product,5,212.81,1064.05,Completed
2025-12-06,NW-138,11312eb7-15d9-41c3-94d4-d48631948ae7,Extra Batch Product,5,400.25,2001.25,Completed
2025-12-05,NW-177,fefbd81d-8c5c-4f1f-8089-5cea1027b3da,Extra Batch Product,3,265.05,795.1500000000001,Completed
2025-12-08,NW-096,0d74251d-d916-4938-880d-5ab8844ad73d,Extra Batch Product,5,195.44,977.2,Completed
2025-12-17,NW-013,ac748d57-5943-4cc9-af20-8930841ff994,Extra Batch Product,1,195.29,195.29,Completed
2025-12-19,NW-030,c25f1968-6cec-4482-b21c-f86d92ed3af3,Extra Batch Product,1,313.73,313.73,Completed
2025-11-29,NW-084,194c02b9-1812-45de-85a0-f4b37188f06a,Extra Batch Product,1,228.02,228.02,Completed
2025-12-17,NW-019,41a76572-06bf-4722-be2a-ddef44613fb1,Extra Batch Product,1,121.39,121.39,Completed
2025-12-12,NW-147,cb4eb098-0483-4645-a6e2-3a152cd9ecfc,Extra Batch Product,4,241.96,967.84,Completed
2025-12-06,NW-028,fc2a6497-965f-436e-88ee-5660ae75d3f9,Extra Batch Product,4,329.38,1317.52,Completed
2025-12-13,NW-111,e3df92ba-2027-4e43-8b16-ddccb54fd1a1,Extra Batch Product,5,136.68,683.4000000000001,Completed
2025-12-01,NW-140,dce97e22-dcc6-4efc-8f03-7509c7864de0,Extra Batch Product,1,321.48,321.48,Completed
2025-11-28,NW-053,aadab486-4e7c-4dd1-a48e-d354d1707db3,Extra Batch Product,1,145.39,145.39,Completed
2025-12-17,NW-042,ea5cf27c-8ea4-4cc2-bece-fb91105281bc,Extra Batch Product,2,123.02,246.04,Completed
2025-11-24,NW-122,16e9b162-d905-4fca-9397-dbfd66b1e1c5,Extra Batch Product,5,394.81,1974.05,Completed
2025-12-21,NW-075,ac6bbfaf-f1f0-4e38-a0b1-2eb4bf63fd8c,Extra Batch Product,2,487.46,974.92,Completed
2025-11-30,NW-009,8d36f88b-8406-4951-822d-f2db139598b6,Extra Batch Product,2,434.79,869.58,Completed
2025-11-23,NW-145,8e5c3b9f-dd3e-4dfa-b0f6-d7e314c1eb82,Extra Batch Product,5,435.39,2176.95,Completed
2025-12-17,NW-174,78cde40d-41e1-40fd-8557-6825a71defc1,Extra Batch Product,5,189.03,945.15,Completed
2025-12-09,NW-137,394a394d-7e64-4568-8df4-bbdecb9e6603,Extra Batch Product,2,456.76,913.52,Completed
2025-11-29,NW-005,b76173b3-237e-4f01-9d3f-45450cf88cb6,Extra Batch Product,5,133.94,669.7,Completed
2025-12-08,NW-083,04736bbc-2964-4e29-a1c5-00346b829fd9,Extra Batch Product,5,248.26,1241.3,Completed
2025-12-17,NW-145,d6070a90-b573-4c07-9d74-e1e963ac3154,Extra Batch Product,1,336.76,336.76,Completed
2025-12-16,NW-036,ad19e34d-2c9b-4b9a-906d-2c40ec5d328c,Extra Batch Product,4,133.4,533.6,Completed
2025-12-04,NW-108,51696347-6ea2-4f83-9096-589388b94447,Extra Batch Product,3,199.49,598.47,Completed
2025-12-09,NW-019,e099354b-a818-4d97-a49b-e76f5a03386b,Extra Batch Product,3,201.47,604.41,Completed
2025-11-23,NW-126,4bd5010b-3fe2-46c4-8487-4769fbf323da,Extra Batch Product,2,396.39,792.78,Completed
2025-12-18,NW-061,525cffd9-c30b-4dc4-9aca-39770a71cf26,Extra Batch Product,1,397.68,397.68,Completed
2025-11-28,NW-131,3588b61a-1e97-49c5-b6fb-3bf2ea0dca7a,Extra Batch Product,5,195.0,975.0,Completed
2025-11-23,NW-113,4f25ba6e-d986-4a26-adc6-ea3b19af08d0,Extra Batch Product,1,447.44,447.44,Completed
2025-12-15,NW-166,8d10b35c-dc26-4d00-b071-20b64a24e343,Extra Batch Product,5,485.29,2426.4500000000003,Completed
2025-11-24,NW-044,0410c1b7-7186-4792-9a7f-bbf28242215b,Extra Batch Product,5,487.95,2439.75,Completed
2025-11-28,NW-061,f84c071a-8fe6-460a-8f84-8010e3bf9d4b,Extra Batch Product,5,117.36,586.8,Completed
2025-11-28,NW-164,41356029-d709-4d7a-bea1-88035c1184a4,Extra Batch Product,3,378.16,1134.48,Completed
2025-12-04,NW-146,778286f4-f455-4e2f-b6e2-4ce452e0a2d9,Extra Batch Product,1,186.72,186.72,Completed
2025-12-20,NW-143,78abd8d1-2b1b-4c6f-b468-8f59abdf1f84,Extra Batch Product,1,351.02,351.02,Completed
2025-11-26,NW-118,4f79157d-8d8c-4758-8d0f-1eee1591b965,Extra Batch Product,3,460.46,1381.3799999999999,Completed
2025-12-11,NW-012,892108be-0bba-4219-924d-444f2557b4a2,Extra Batch Product,2,480.16,960.32,Completed
2025-12-04,NW-102,6ba1ea22-8808-45a7-80a9-183e80457135,Extra Batch Product,4,142.7,570.8,Completed
2025-11-24,NW-117,5ddbb13e-6429-41c0-8ac1-f2407feb90a7,Extra Batch Product,2,175.25,350.5,Completed
2025-12-09,NW-090,958314d2-2c8a-432e-9b2a-b07d3936b273,Extra Batch Product,2,191.76,383.52,Completed
2025-12-19,NW-028,e45d810c-5b84-4fc8-853a-d35184b12c0d,Extra Batch Product,4,244.14,976.56,Completed
2025-12-08,NW-155,9040c1d1-f73d-40e0-8a28-996f88bc1ec7,Extra Batch Product,1,211.91,211.91,Completed
2025-11-23,NW-157,a6d8d55f-01ca-4bff-876e-d172cf3b2335,Extra Batch Product,5,464.37,2321.85,Completed
2025-12-04,NW-134,75c8c449-69a2-4db5-b00a-81da88228717,Extra Batch Product,2,266.66,533.32,Completed
2025-11-29,NW-047,d80cdbf1-4aa8-448f-8020-8359a0b15402,Extra Batch Product,1,267.3,267.3,Completed
2025-11-24,NW-056,29d59582-3fdb-4838-a89a-9919fcab3839,Extra Batch Product,2,320.64,641.28,Completed
2025-12-20,NW-005,99124be0-0ca5-449e-933b-289bdbafd24c,Extra Batch Product,1,411.04,411.04,Completed
2025-12-16,NW-146,baeb084f-c4e4-41d1-b5e4-935f37aae043,Extra Batch Product,1,250.7,250.7,Completed
2025-12-17,NW-026,46c2d0d6-e5fd-4a32-9fd7-1481e6837960,Extra Batch Product,1,487.97,487.97,Completed
2025-12-14,NW-027,4ddd8a15-15dc-4631-a574-971592ac34d6,Extra Batch Product,1,435.33,435.33,Completed
2025-12-13,NW-098,bdec243b-4a6f-45fc-a1bd-82cc74a16792,Extra Batch Product,1,265.93,265.93,Completed
2025-12-15,NW-129,12442393-f35a-431e-80b1-075579cab1c1,Extra Batch Product,5,122.55,612.75,Completed
2025-11-23,NW-006,f2ec3873-e0ef-4f43-a25c-5cdbcbfdba64,Extra Batch Product,4,425.16,1700.64,Completed
2025-12-14,NW-095,e572e75a-5b58-463d-9f48-26687bf5f931,Extra Batch Product,5,498.65,2493.25,Completed
2025-12-03,NW-023,e9dc3d27-3f27-45d8-a1df-49838c01035e,Extra Batch Product,5,390.45,1952.25,Completed
2025-11-25,NW-083,2f157985-7821-484a-a24a-97a60dd70d44,Extra Batch Product,1,196.43,196.43,Completed
2025-11-22,NW-110,7bbac2b4-5d79-41d1-ae8a-b6ab6958481c,Extra Batch Product,1,481.62,481.62,Completed
2025-12-13,NW-004,b8de1c27-bcd6-42e7-93b7-d1f50a484807,Extra Batch Product,1,368.68,368.68,Completed
2025-12-05,NW-032,5dde9591-01c0-4424-ae3c-c0258b9f6640,Extra Batch Product,2,243.27,486.54,Completed
2025-12-10,NW-072,395fdee9-05fd-4383-a90e-d8126c091038,Extra Batch Product,2,299.27,598.54,Completed
2025-12-11,NW-118,73f874ab-f358-4570-82f0-29a6d7df395c,Extra Batch Product,3,308.07,924.21,Completed
2025-12-02,NW-012,d93dd151-4078-4d7c-81de-7a12990a630c,Extra Batch Product,1,320.76,320.76,Completed
2025-12-09,NW-133,cb8a3bff-7a3f-41d0-92ff-db1607e7f05d,Extra Batch Product,3,261.39,784.17,Completed
2025-12-12,NW-112,b98fac81-075e-46c3-9228-4e3628950b6b,Extra Batch Product,5,348.12,1740.6,Completed
2025-12-09,NW-066,226f392d-9d31-41bd-af91-2e0d5726cc7c,Extra Batch Product,3,185.19,555.5699999999999,Completed
2025-12-06,NW-166,4ff3fb31-bef2-461b-a466-d2ee305b2743,Extra Batch Product,4,492.19,1968.76,Completed
2025-12-19,NW-050,8128aeee-bb34-42a9-a940-757b818275dc,Extra Batch Product,2,354.66,709.32,Completed
2025-12-10,NW-079,9f5cfb3b-a53d-4bbd-adcb-1cc58e0f13e4,Extra Batch Product,3,136.4,409.20000000000005,Completed
2025-12-17,NW-052,806d4d21-ccbb-4026-ac49-1cff02bb81d1,Extra Batch Product,1,305.6,305.6,Completed
2025-12-01,NW-079,27f7b021-7ec0-41f9-9f33-9fd4c7d9ceb2,Extra Batch Product,4,219.18,876.72,Completed
2025-12-07,NW-106,a61f9e7a-1ebc-45fd-9cc1-461487be7367,Extra Batch Product,3,379.06,1137.18,Completed
2025-12-13,NW-029,bf63b06b-40fd-4827-bbe5-d4cadce701ea,Extra Batch Product,4,283.74,1134.96,Completed
2025-11-23,NW-145,fe199654-d171-43c8-8b45-1c8f7d14d377,Extra Batch Product,2,407.57,815.14,Completed
2025-11-22,NW-084,88d5ec08-461d-4348-8ce2-19ff0d915075,Extra Batch Product,5,492.01,2460.05,Completed
2025-11-24,NW-053,808d21cd-ce58-4500-9ac0-847448845be1,Extra Batch Product,2,231.5,463.0,Completed
2025-12-19,NW-043,68ac7521-dfd9-446f-adbc-c7faab43d17d,Extra Batch Product,3,130.35,391.04999999999995,Completed
2025-12-11,NW-151,d44a34d4-32a8-47d6-80e3-e3210cc3beab,Extra Batch Product,3,155.53,466.59000000000003,Completed
2025-12-15,NW-008,8651f00c-45c9-4f23-b946-8e46ed46a514,Extra Batch Product,4,172.75,691.0,Completed
2025-12-01,NW-025,1fc005a4-4192-493c-acaf-588409e647d8,Extra Batch Product,3,449.73,1349.19,Completed
2025-11-25,NW-155,61b994ab-a7a8-4893-94bd-c7ed52a9811e,Extra Batch Product,5,489.24,2446.2,Completed
2025-11-23,NW-061,755c951c-572a-4648-b37f-8e3164b5e7fd,Extra Batch Product,2,189.54,379.08,Completed
2025-12-11,NW-021,2977264e-4dae-4682-8d89-1c333c1ca4e9,Extra Batch Product,5,238.03,1190.15,Completed
2025-11-27,NW-170,7b972dea-59a6-4d8f-a73f-bf3cb3c637eb,Extra Batch Product,5,112.72,563.6,Completed
2025-11-25,NW-070,b0646674-01e8-423d-9fbc-4fafc4f19762,Extra Batch Product,1,313.77,313.77,Completed
2025-12-20,NW-012,c3e8bdb7-b5e4-435a-b4f2-2c3a949459fb,Extra Batch Product,2,457.69,915.38,Completed
2025-12-02,NW-177,5f22d55e-fa46-482a-b934-1f1ea169049f,Extra Batch Product,2,376.16,752.32,Completed
2025-12-04,NW-073,110a4778-7a51-4211-8f42-f21091d38890,Extra Batch Product,2,419.76,839.52,Completed
2025-11-26,NW-121,6ff13bf6-ea7a-4406-8e46-38c6a339ebfd,Extra Batch Product,3,468.35,1405.0500000000002,Completed
2025-11-29,NW-061,926396a8-92ac-4ba1-8a37-575ce07f7271,Extra Batch Product,1,210.75,210.75,Completed
2025-12-09,NW-001,0ed9ed8b-6578-4e22-ace6-2c4b35d72794,Extra Batch Product,1,338.91,338.91,Completed
2025-12-16,NW-180,10705206-5356-42ea-89b3-7761759c8c56,Extra Batch Product,2,403.98,807.96,Completed
2025-12-06,NW-078,db9531b0-3705-466b-916e-31f0a1a1807e,Extra Batch Product,2,398.99,797.98,Completed
2025-12-07,NW-014,c43887b2-ae36-48ed-94e3-2fcde0e66a8e,Extra Batch Product,3,200.97,602.91,Completed
2025-12-18,NW-007,b40760f7-50bb-43ff-ad53-2f4eb910cbbc,Extra Batch Product,3,458.08,1374.24,Completed
2025-12-18,NW-107,c324eccf-1bbf-4c1a-a0f5-69ee4b5936f1,Extra Batch Product,4,142.87,571.48,Completed
2025-12-11,NW-038,2ed2e2a6-d72e-46df-a4b6-deb31cff9283,Extra Batch Product,3,258.87,776.61,Completed
2025-12-02,NW-119,f08fc9bd-3bd7-4392-91f2-4fbfb3fc3d08,Extra Batch Product,5,172.91,864.55,Completed
2025-11-26,NW-039,85d6c6b8-4318-442f-a418-5ff07a0d8bd5,Extra Batch Product,1,436.28,436.28,Completed
2025-12-08,NW-086,19c55afa-40d2-42e6-a9c2-d62dafbd05ea,Extra Batch Product,2,314.13,628.26,Completed
2025-11-22,NW-025,cdf33b69-5241-4b54-a457-f38107035021,Extra Batch Product,1,237.17,237.17,Completed
2025-11-29,NW-025,e18e6eed-8d38-4398-8133-8e8efe5983d3,Extra Batch Product,4,242.04,968.16,Completed
2025-12-07,NW-109,6af78a03-816c-412d-817a-0eee91cd07fb,Extra Batch Product,2,134.77,269.54,Completed
2025-12-05,NW-111,3343d2ea-ae63-4f1f-8bd4-b532a09682f0,Extra Batch Product,2,323.1,646.2,Completed
2025-12-02,NW-168,ddaaa80d-73b0-400a-a3f8-9f17caa5e324,Extra Batch Product,1,325.78,325.78,Completed
2025-12-21,NW-042,c018cb7e-6349-4a82-854a-376548e9b441,Extra Batch Product,1,234.98,234.98,Completed
2025-12-06,NW-180,53421186-e666-4b2d-aa09-267407ada038,Extra Batch Product,2,343.02,686.04,Completed
2025-12-05,NW-059,b8d5da8d-ad40-4003-9397-d5135ba654d0,Extra Batch Product,5,232.14,1160.6999999999998,Completed
2025-11-22,NW-121,cc32a755-5f32-48fc-90c7-4b74af283be7,Extra Batch Product,1,103.01,103.01,Completed
2025-12-21,NW-021,d2a5f930-24d7-47f7-97d4-4c3b7518ebde,Extra Batch Product,4,440.33,1761.32,Completed
2025-11-27,NW-062,c8da0089-3bbd-4ba9-8fbf-f3d3ba69c284,Extra Batch Product,1,132.09,132.09,Completed
2025-11-28,NW-031,1e0c6a44-5c99-45f0-90bf-11bdbc6e947e,Extra Batch Product,5,492.95,2464.75,Completed
2025-12-01,NW-006,9839c83d-b782-4238-8262-d5ecc8a58d31,Extra Batch Product,2,330.4,660.8,Completed
2025-12-05,NW-075,1edf59d9-62b8-4487-b964-22bab67389b5,Extra Batch Product,4,102.12,408.48,Completed
2025-12-14,NW-118,5174d271-3067-423c-8302-20fc139df7b6,Extra Batch Product,1,296.3,296.3,Completed
2025-12-07,NW-179,251b19dd-de20-46c2-ab58-bc0cc0d26809,Extra Batch Product,1,387.38,387.38,Completed
2025-12-20,NW-136,9f3501c2-0292-4224-bdbc-8799b7e6cd15,Extra Batch Product,2,211.99,423.98,Completed
2025-12-09,NW-044,8459f876-b3b4-420c-a5b2-1f4120a7f45e,Extra Batch Product,5,174.82,874.0999999999999,Completed
2025-12-16,NW-118,a9dffef1-69d1-48dd-98ef-360eb45fa910,Extra Batch Product,4,270.17,1080.68,Completed
2025-11-26,NW-020,9df514bc-597b-4c46-9f7c-69364a8cf248,Extra Batch Product,1,311.94,311.94,Completed
2025-12-07,NW-001,9cde74f1-0127-4039-bb9c-5e6fbda3c511,Extra Batch Product,2,407.11,814.22,Completed
2025-12-08,NW-038,b442fd8a-adbb-4465-8f39-757bbc1c44d2,Extra Batch Product,5,302.44,1512.2,Completed
2025-11-29,NW-100,a2cef3a8-017d-4aad-87b6-d7e1f9898e9a,Extra Batch Product,5,313.04,1565.2,Completed
2025-12-02,NW-161,fb291880-2098-4b24-98e0-4923d44a6885,Extra Batch Product,2,281.71,563.42,Completed
2025-12-03,NW-005,d568b847-f647-4dbb-9534-bd998f738b0a,Extra Batch Product,2,495.98,991.96,Completed
2025-12-04,NW-013,9756eecb-720e-47a0-9548-82a69f2c9e20,Extra Batch Product,2,135.15,270.3,Completed
2025-11-28,NW-063,11e2b856-ac6c-40d9-811f-02b215f97073,Extra Batch Product,5,101.08,505.4,Completed
2025-12-21,NW-009,c9edddbb-968d-4356-b7fb-22e34bc00a85,Extra Batch Product,3,289.27,867.81,Completed
2025-12-04,NW-038,d2f3f22e-0968-42a9-b97e-8ebf08420eb9,Extra Batch Product,3,239.55,718.6500000000001,Completed
2025-12-19,NW-049,153dc6fd-4827-4be5-ab4e-3b640954b03c,Extra Batch Product,5,432.25,2161.25,Completed
2025-11-26,NW-178,e602493b-d402-462a-9c53-a5200bbd8460,Extra Batch Product,5,392.35,1961.75,Completed
2025-11-28,NW-137,14d29a7a-8a65-4002-98cf-5f19b82d7a5c,Extra Batch Product,2,172.49,344.98,Completed
2025-11-28,NW-035,535f712d-3072-451f-b3d5-715dbb305db9,Extra Batch Product,1,396.45,396.45,Completed
2025-12-03,NW-150,b41b00c8-6062-4c44-b3af-71fda4799da1,Extra Batch Product,4,436.73,1746.92,Completed
2025-12-04,NW-072,3d78f8fb-6d76-4e43-a0b7-4e7d086bbe18,Extra Batch Product,3,418.11,1254.33,Completed
2025-12-09,NW-014,76d46d4f-b2db-45b1-977d-5cc8dde90e06,Extra Batch Product,4,165.46,661.84,Completed
2025-12-10,NW-165,71687294-3e7d-41df-9fb0-1875f4d66e7b,Extra Batch Product,5,194.28,971.4,Completed
2025-11-22,NW-078,7b87632b-ac46-46a8-af70-e9528dd2543c,Extra Batch Product,2,463.15,926.3,Completed
2025-12-12,NW-089,d8b124d8-ed0a-4e94-ac98-74b6ee2c51f8,Extra Batch Product,5,335.32,1676.6,Completed
2025-12-17,NW-146,bcbce76b-9607-4cb2-871d-a2056b7fedfc,Extra Batch Product,3,349.64,1048.92,Completed
2025-12-08,NW-097,0f1781e8-f3b4-428b-a751-d336ecc91f5d,Extra Batch Product,1,192.89,192.89,Completed
2025-12-05,NW-053,f80e2c87-a2ac-4e6a-af43-6aecd6d7271c,Extra Batch Product,3,317.14,951.42,Completed
2025-12-03,NW-134,b93f475d-91ad-46a0-93a5-529d3434cea7,Extra Batch Product,3,351.08,1053.24,Completed
2025-12-03,NW-042,52bf9bab-07c2-4ce5-850f-3ff69a26c4c6,Extra Batch Product,4,417.61,1670.44,Completed
2025-11-28,NW-157,725d2ac6-59e8-423c-8017-22fe1159763b,Extra Batch Product,1,313.38,313.38,Completed
2025-12-07,NW-155,d57d0687-6b1a-43fa-a7b0-8e6b927864ee,Extra Batch Product,4,499.08,1996.32,Completed
2025-11-22,NW-097,7c42ac95-8e95-4015-87f7-f99a1c4fb9ad,Extra Batch Product,5,199.4,997.0,Completed
2025-12-21,NW-033,ee1cee63-d3db-4f5b-9881-14643064d08a,Extra Batch Product,4,327.96,1311.84,Completed
2025-11-22,NW-010,22362eff-2cc7-4c9a-a0d1-ebdc0d2cd99b,Extra Batch Product,5,450.71,2253.5499999999997,Completed
2025-12-04,NW-097,462a8348-904c-43ad-8563-0495040cd430,Extra Batch Product,5,144.25,721.25,Completed
2025-11-27,NW-109,931a498f-a69c-45af-93ae-0954eb4516b3,Extra Batch Product,4,258.91,1035.64,Completed
2025-11-22,NW-157,13db1d24-f9f5-4fc1-9faf-2dd9976e8252,Extra Batch Product,5,294.54,1472.7,Completed
2025-12-09,NW-068,d94fa427-b43b-4051-861d-0fd6899b64c9,Extra Batch Product,4,408.75,1635.0,Completed
2025-12-09,NW-155,998abffd-1214-4864-80f7-799169a1bd41,Extra Batch Product,3,377.58,1132.74,Completed
2025-12-17,NW-036,fd197868-83b1-42d2-89a2-05823424fadb,Extra Batch Product,2,200.72,401.44,Completed
2025-11-27,NW-069,8c512ef4-a4a5-45e9-a17a-e4cc97b13b19,Extra Batch Product,4,172.64,690.56,Completed
2025-12-04,NW-074,d3383a8e-632a-4a04-9c61-b71c4f3c094f,Extra Batch Product,2,478.91,957.82,Completed
2025-12-05,NW-140,dd5defab-aabb-4b0b-b70f-852e5ad48e33,Extra Batch Product,2,334.49,668.98,Completed
2025-12-04,NW-111,3b7d312c-6d94-4620-8764-cc559f4c0b06,Extra Batch Product,4,337.19,1348.76,Completed
2025-12-02,NW-100,63e4fbbe-c337-42b6-ae8e-cde0e87bb151,Extra Batch Product,4,416.03,1664.12,Completed
2025-11-30,NW-037,01d99ef2-6254-4aae-bb2d-1f98673cdd59,Extra Batch Product,2,408.5,817.0,Completed
2025-12-21,NW-031,270d3e3a-a295-410b-b1d2-80b88d174a9a,Extra Batch Product,2,127.57,255.14,Completed
2025-11-30,NW-051,24444c4f-a814-4f59-aa75-55974a532ccc,Extra Batch Product,5,141.7,708.5,Completed
2025-12-03,NW-041,7fbe2f71-b468-4ef7-8264-d9d9a714b364,Extra Batch Product,3,280.34,841.02,Completed
2025-11-26,NW-046,e817334a-5988-4f93-a0a7-7f955aa3847c,Extra Batch Product,5,493.94,2469.7,Completed
2025-11-26,NW-110,e4fe8b17-4b81-4903-b8c5-c0deeecd5ca3,Extra Batch Product,4,149.87,599.48,Completed
2025-12-08,NW-057,951c8322-8218-401b-8c0e-7dc1a38d6138,Extra Batch Product,1,447.96,447.96,Completed
2025-12-03,NW-055,df19b76f-906f-4667-8edf-30347fabb1c9,Extra Batch Product,3,336.51,1009.53,Completed
2025-11-26,NW-149,397a74eb-dd8a-4b61-9a9f-2e4ed360aeb2,Extra Batch Product,1,397.7,397.7,Completed
2025-12-19,NW-180,20cb4b8c-ec10-4111-96d9-101552278f17,Extra Batch Product,1,101.85,101.85,Completed
2025-12-14,NW-169,dc3fee06-e035-48d1-8ce0-f7285739585d,Extra Batch Product,3,259.27,777.81,Completed
2025-12-15,NW-025,b5b3b007-e594-4af9-8764-57feb9d2f17e,Extra Batch Product,2,467.94,935.88,Completed
2025-12-10,NW-130,4a4a332a-574a-4048-9e0b-fa2c24284c08,Extra Batch Product,2,292.33,584.66,Completed
2025-12-01,NW-091,db59a1b6-99bc-4c88-a736-214ebeef7953,Extra Batch Product,1,334.83,334.83,Completed
2025-12-15,NW-108,b2e50a32-3993-4c0d-bba8-e287a2182a5a,Extra Batch Product,3,156.34,469.02,Completed
2025-12-20,NW-152,e5ed3183-5c05-4c75-ba4c-d683d796c3b0,Extra Batch Product,1,299.35,299.35,Completed
2025-12-09,NW-088,3ef7a8cf-60c6-49dc-9c72-62c6ef9368e4,Extra Batch Product,1,244.96,244.96,Completed
2025-12-07,NW-063,324f2506-36e6-4594-8eba-0457f1f00d11,Extra Batch Product,3,352.91,1058.73,Completed
2025-12-15,NW-156,15738e75-f4c5-400b-8cf3-35fda6c3cff1,Extra Batch Product,2,365.41,730.82,Completed
2025-12-01,NW-081,9ff8d524-baae-4011-87f5-49f744320852,Extra Batch Product,4,283.6,1134.4,Completed
2025-12-08,NW-148,d7fae875-ccac-4875-a7da-e3f8f7fbcdc9,Extra Batch Product,4,314.03,1256.12,Completed
2025-12-01,NW-104,748992f0-5663-4bff-882e-0ae9c8da914f,Extra Batch Product,1,219.84,219.84,Completed
2025-11-25,NW-141,3037444c-c479-4b83-92ad-0ecc21414760,Extra Batch Product,3,183.96,551.88,Completed
2025-12-11,NW-062,2e5b7f93-3a07-4c3a-95ca-41ab17167255,Extra Batch Product,5,349.99,1749.95,Completed
2025-12-05,NW-030,f3196229-ed02-4aae-9ada-c4b3567ec150,Extra Batch Product,3,126.28,378.84000000000003,Completed
2025-12-18,NW-078,635bcfba-7157-481d-a619-6e23abe7d84a,Extra Batch Product,3,281.32,843.96,Completed
2025-12-20,NW-113,f6c2e236-96cc-4441-a088-cd3d2b0b2ac2,Extra Batch Product,2,298.8,597.6,Completed
2025-11-28,NW-179,bf4dd8e8-6ba7-4525-9854-45d8a130f238,Extra Batch Product,4,172.77,691.08,Completed
2025-11-30,NW-157,48108ec6-babc-4ad9-b411-01efdefdf369,Extra Batch Product,3,249.32,747.96,Completed
2025-12-14,NW-110,9e7f92f7-368b-46df-93da-ffd2ed888d1a,Extra Batch Product,2,263.49,526.98,Completed
2025-12-12,NW-087,34ac1f28-ce84-4057-b34b-2b59894c9522,Extra Batch Product,4,435.92,1743.68,Completed
2025-12-20,NW-135,4c8213a5-22d3-4c36-a21f-43647dd67e39,Extra Batch Product,5,263.19,1315.95,Completed
2025-12-16,NW-057,2b03d56a-a936-48af-9095-101e04c1abf8,Extra Batch Product,3,192.43,577.29,Completed
2025-12-21,NW-072,518a4d5b-255b-44e7-be26-090567dd23cd,Extra Batch Product,1,419.97,419.97,Completed
2025-12-17,NW-067,7c276f40-a4ec-486c-8014-c93cef4909a6,Extra Batch Product,3,361.1,1083.3000000000002,Completed
2025-12-06,NW-008,ad5aa76e-aeae-4993-9fcd-1889f2c09ad2,Extra Batch Product,2,422.13,844.26,Completed
2025-12-09,NW-088,04d0844c-4335-4c9d-874c-b9c3dfac7d3b,Extra Batch Product,3,485.06,1455.18,Completed
2025-12-21,NW-165,4456bf5f-e272-48cc-bbac-2520cf5045ad,Extra Batch Product,5,262.56,1312.8,Completed
2025-12-09,NW-055,c0308ac5-b335-4932-a0bd-95bc0cd771a2,Extra Batch Product,2,105.2,210.4,Completed
2025-12-09,NW-007,1a0c1224-2a7b-47ad-936a-d0074243953c,Extra Batch Product,1,183.15,183.15,Completed
2025-12-04,NW-147,568bd3f6-58d3-4363-b016-35d3667c8d93,Extra Batch Product,5,450.58,2252.9,Completed
2025-12-04,NW-029,b7ea90f4-53a3-4e70-b5f7-f4aa116f903a,Extra Batch Product,4,381.58,1526.32,Completed
2025-11-25,NW-129,933a42df-e4f2-479c-b31c-170280598418,Extra Batch Product,5,236.73,1183.6499999999999,Completed
2025-11-27,NW-130,6ed28589-3b6e-4276-b30c-1ac9741455cd,Extra Batch Product,3,336.12,1008.36,Completed
2025-11-28,NW-140,28b6490d-5ee5-45df-bc9c-6c1152355f4c,Extra Batch Product,4,349.66,1398.64,Completed
2025-12-10,NW-166,7dcd5fb0-d1a8-4b4d-bc11-6dda319cc005,Extra Batch Product,1,274.45,274.45,Completed
2025-12-17,NW-172,3a8f9bc1-8ad4-4ddf-80fe-c44ec90bfcba,Extra Batch Product,3,479.38,1438.1399999999999,Completed
2025-12-20,NW-086,6cdf85c0-ff9c-4fc4-9747-010e46e5cb70,Extra Batch Product,4,156.05,624.2,Completed
2025-12-16,NW-158,ab06b566-5911-493e-9c86-900e2a83104d,Extra Batch Product,3,457.82,1373.46,Completed
2025-11-29,NW-128,b26cbf45-1b1e-4f59-a49b-52dbd91c46bb,Extra Batch Product,1,293.91,293.91,Completed
2025-12-14,NW-014,f8f9debe-a3b1-4b36-abe4-3b393e7061c9,Extra Batch Product,1,316.65,316.65,Completed
2025-12-21,NW-025,f6e2d0da-5d37-4671-84fd-67f819a776d8,Extra Batch Product,1,155.74,155.74,Completed
2025-12-09,NW-004,8d950c27-27d7-445b-8513-9dfcadd7e4b3,Extra Batch Product,2,310.28,620.56,Completed
2025-12-12,NW-109,4c15b5a3-1536-4a70-a213-89589852762a,Extra Batch Product,2,208.92,417.84,Completed
2025-11-24,NW-075,6edad706-ade8-4dde-9a79-34506118b082,Extra Batch Product,2,311.86,623.72,Completed
2025-11-25,NW-042,00ec938b-21a5-4396-b660-441707860d18,Extra Batch Product,4,299.24,1196.96,Completed
2025-12-15,NW-034,9fdca60c-c209-4072-9f9a-a13019e8f248,Extra Batch Product,1,262.1,262.1,Completed
2025-12-11,NW-122,742e8c24-df44-43bc-85c8-699c912d62f0,Extra Batch Product,4,182.57,730.28,Completed
2025-12-04,NW-106,92ba5443-03ee-422f-ae8b-a3e727d6dee5,Extra Batch Product,5,205.47,1027.35,Completed
2025-11-28,NW-031,9dfb7861-f5e0-4e27-8c03-ed42dad671ba,Extra Batch Product,3,338.97,1016.9100000000001,Completed
2025-12-11,NW-012,27e02f75-0d6b-4c95-ad3f-1ddbde244415,Extra Batch Product,5,366.01,1830.05,Completed
2025-12-20,NW-138,22fe9555-074d-4166-9d78-379c381dbdc1,Extra Batch Product,5,435.24,2176.2,Completed
2025-12-21,NW-122,6c9b8771-7637-48a1-b845-d3a2cf386491,Extra Batch Product,2,166.51,333.02,Completed
2025-12-07,NW-107,b806beef-f01e-4782-8f4c-9e975e9d4736,Extra Batch Product,1,133.12,133.12,Completed
2025-12-20,NW-036,3c27a9a3-8544-46b4-91d3-c1be43f118ee,Extra Batch Product,3,198.14,594.42,Completed
2025-12-18,NW-149,868551cc-70a0-47de-95a0-55e139fdc3a8,Extra Batch Product,3,215.48,646.4399999999999,Completed
2025-12-11,NW-164,6260acf7-c406-41c7-84c3-91f603737e31,Extra Batch Product,1,388.61,388.61,Completed
2025-11-28,NW-054,86bd8c4b-a4ab-4fe7-9ebf-d5d3c37b6dfe,Extra Batch Product,2,258.66,517.32,Completed
2025-11-29,NW-152,20a604cb-90b8-40aa-9dd0-195e61c66690,Extra Batch Product,5,293.5,1467.5,Completed
2025-12-07,NW-036,4a0e23ac-e0d6-48bf-bb0e-8710a0a67530,Extra Batch Product,4,164.81,659.24,Completed
2025-12-06,NW-081,8583f18e-bb11-46f9-bddd-c5bd8fbf8bee,Extra Batch Product,3,338.74,1016.22,Completed
2025-12-21,NW-154,aef18970-79e1-45e8-af28-804185db087d,Extra Batch Product,2,142.64,285.28,Completed
2025-12-15,NW-040,65205001-c392-4764-9eab-c70d37338485,Extra Batch Product,1,265.12,265.12,Completed
2025-11-29,NW-061,390b41c3-7e17-4bad-b92e-b185d1189b6e,Extra Batch Product,3,339.31,1017.9300000000001,Completed
2025-12-01,NW-025,7cc10065-7c25-4eec-94cc-0876055f8814,Extra Batch Product,3,427.64,1282.92,Completed
2025-11-23,NW-108,7c4d9f93-b4dc-4d5a-9d9b-6ff23611ea5a,Extra Batch Product,4,487.08,1948.32,Completed
2025-12-11,NW-102,87f37188-5f73-4368-a261-846fd8eab034,Extra Batch Product,2,141.24,282.48,Completed
2025-11-28,NW-101,b0e9003e-f2fa-4f7e-b970-090864fddba0,Extra Batch Product,4,422.97,1691.88,Completed
2025-11-28,NW-049,4a57d33d-c8b9-43a1-aa12-ad953fd1910a,Extra Batch Product,5,416.01,2080.05,Completed
2025-11-30,NW-057,1a3420d6-1aec-4f48-81a2-02fac491ccf1,Extra Batch Product,1,174.05,174.05,Completed
2025-12-06,NW-062,ce9dc035-437a-4561-b1de-65f79075b91d,Extra Batch Product,3,392.89,1178.67,Completed
2025-12-17,NW-149,6eaa989b-b4f3-4d64-92d3-2a85d7f55b30,Extra Batch Product,1,363.51,363.51,Completed
2025-11-22,NW-118,c097e9dc-244c-4b00-bc32-17486bf60a03,Extra Batch Product,1,461.35,461.35,Completed
2025-12-10,NW-012,006b0e6d-433f-4067-b655-daebd4581be0,Extra Batch Product,3,495.07,1485.21,Completed
2025-12-09,NW-109,137fd56b-012a-4837-93ea-006ade83cb69,Extra Batch Product,2,115.77,231.54,Completed
2025-12-06,NW-010,ee007802-bffe-4c03-aff2-b0ff71ec2873,Extra Batch Product,1,172.23,172.23,Completed
2025-12-01,NW-086,fefd4638-b1d0-4693-8b87-3c3ece490287,Extra Batch Product,2,225.14,450.28,Completed
2025-12-03,NW-079,63231f90-430f-40d6-8dc7-8c6cc02c1ca5,Extra Batch Product,5,392.41,1962.0500000000002,Completed
2025-12-17,NW-115,93c92a86-92cb-4b5a-a793-7cd4190b823f,Extra Batch Product,2,268.71,537.42,Completed
2025-11-22,NW-082,ceb90325-fa68-4e14-a29a-ad4d85645d9d,Extra Batch Product,4,437.82,1751.28,Completed
2025-12-14,NW-146,71fd580d-27aa-4b63-b326-99f6129490a7,Extra Batch Product,3,431.57,1294.71,Completed
2025-12-16,NW-017,1809b37c-2a8d-4abe-9458-c6bd425a2168,Extra Batch Product,3,324.27,972.81,Completed
2025-12-02,NW-045,7b51c4de-be05-4c88-bbc4-1609d319b7fc,Extra Batch Product,2,454.0,908.0,Completed
2025-11-27,NW-171,130f5c5f-81b6-4f75-93e6-c15941e74719,Extra Batch Product,2,389.91,779.82,Completed
2025-11-28,NW-108,60fafb7b-64db-4e29-b2c2-b70dd33d0c4f,Extra Batch Product,1,315.36,315.36,Completed
2025-12-03,NW-153,c42153fe-ecaa-4725-878b-a8513a460aaf,Extra Batch Product,5,350.36,1751.8000000000002,Completed
2025-11-22,NW-016,dc00905e-1d2f-46d5-b304-e57a879302c9,Extra Batch Product,5,346.35,1731.75,Completed
2025-12-19,NW-126,31ca7070-5d6e-4402-826f-a0bd0f44dd0c,Extra Batch Product,2,109.76,219.52,Completed
2025-11-24,NW-170,005ff876-2c3d-4795-83de-fba7ca89920a,Extra Batch Product,2,108.51,217.02,Completed
2025-11-28,NW-013,de250238-3573-4b0f-8905-149440948f67,Extra Batch Product,5,253.59,1267.95,Completed
2025-12-02,NW-096,419c1e27-b49a-4318-b0d4-54b712cbd54a,Extra Batch Product,3,128.01,384.03,Completed
2025-11-25,NW-046,61c95db4-b538-4997-95ea-176dffd79ace,Extra Batch Product,4,121.07,484.28,Completed
2025-12-03,NW-062,6ba3c69e-41ff-45ec-9195-cc6219fd113a,Extra Batch Product,5,291.91,1459.5500000000002,Completed
2025-11-24,NW-016,159d9dfb-d61e-4589-b168-d7186f98cdc7,Extra Batch Product,4,493.63,1974.52,Completed
2025-12-02,NW-010,a91e5926-9900-4924-bb60-5bc30096a9c3,Extra Batch Product,1,234.55,234.55,Completed
2025-11-26,NW-084,1cb519f2-a117-421d-86ba-aa347c526f47,Extra Batch Product,5,392.91,1964.5500000000002,Completed
2025-11-23,NW-177,321e3a46-e24e-4617-bea7-bc830db0fa43,Extra Batch Product,3,286.92,860.76,Completed
2025-12-03,NW-120,1ce05817-51bb-4dc7-a37c-cdaaba0693f2,Extra Batch Product,2,218.52,437.04,Completed
2025-12-20,NW-037,d9406b03-9c53-429d-8874-2fd11fb4c6b0,Extra Batch Product,1,210.91,210.91,Completed
2025-12-03,NW-073,bbc819c1-bcb1-49bd-97dc-1e1f8e197eba,Extra Batch Product,1,256.65,256.65,Completed
2025-12-17,NW-140,38fc3754-9400-4372-8dab-a9e4104ecb55,Extra Batch Product,3,479.98,1439.94,Completed
2025-12-19,NW-061,3aa88d6e-8387-4774-9e1a-ead96d3698cb,Extra Batch Product,5,135.76,678.8,Completed
2025-11-30,NW-039,7aee9f0a-39cb-413d-872a-aeee76b66995,Extra Batch Product,3,461.49,1384.47,Completed
2025-12-02,NW-153,77d00d96-5fc5-4b2e-99db-b6514a085d4e,Extra Batch Product,4,125.99,503.96,Completed
2025-11-25,NW-072,95fbb442-184e-4aa3-8beb-56699eba2018,Extra Batch Product,4,435.13,1740.52,Completed
2025-12-12,NW-054,3293c138-c6c2-4bc1-988a-5465998b2be5,Extra Batch Product,5,432.26,2161.3,Completed
2025-11-29,NW-110,5ce79a7e-44c6-4c45-98f0-69fe21d43033,Extra Batch Product,2,118.78,237.56,Completed
2025-12-14,NW-057,3f4ca1a5-b72f-4d69-b4e6-2d30d644fecb,Extra Batch Product,2,114.69,229.38,Completed
2025-12-09,NW-003,1269ccab-6518-4c18-a8bc-dbad52290a7c,Extra Batch Product,5,123.14,615.7,Completed
2025-12-08,NW-047,74f7bd74-adfd-457b-9651-003febcb74cb,Extra Batch Product,1,307.3,307.3,Completed
2025-11-28,NW-020,3825036d-d09f-47ae-8639-d7626fe75dd0,Extra Batch Product,2,310.01,620.02,Completed
2025-12-07,NW-123,bc922189-f5eb-4287-ad58-33e106a4a96b,Extra Batch Product,2,306.1,612.2,Completed
2025-11-30,NW-082,d9f5f6bc-11e3-4d51-8c2e-196b61a46290,Extra Batch Product,1,161.56,161.56,Completed
2025-12-17,NW-160,625aae78-32b0-42c3-bb5f-5ef60f5a2450,Extra Batch Product,3,189.78,569.34,Completed
2025-11-25,NW-120,8fdfceb3-25d2-4ef6-9066-7b98f8996c7e,Extra Batch Product,5,314.79,1573.95,Completed
2025-11-23,NW-073,846f563f-a031-4c3d-9342-e77f592295a4,Extra Batch Product,4,332.03,1328.12,Completed
2025-11-28,NW-098,a451cf13-5350-4ec0-bef0-985a0096c1e6,Extra Batch Product,3,450.98,1352.94,Completed
2025-12-21,NW-067,66c573c7-d11d-4f8e-adbf-de7ccb54645b,Extra Batch Product,3,151.81,455.43,Completed
2025-11-28,NW-137,736954cc-7c9d-48ab-9a65-202ef4e2e845,Extra Batch Product,3,482.26,1446.78,Completed
2025-11-30,NW-076,3a8a7397-f882-4ca1-ae29-24fa096d1362,Extra Batch Product,2,423.81,847.62,Completed
2025-11-25,NW-040,2e5eaa83-c96c-435b-8a07-8df1c672e362,Extra Batch Product,1,320.34,320.34,Completed
2025-12-18,NW-124,4fe52c51-24cd-46f2-87fe-b001556a6515,Extra Batch Product,3,389.37,1168.1100000000001,Completed
2025-11-25,NW-090,ef4e9b23-dfa0-4a4c-bae0-a61c6a3fe2ce,Extra Batch Product,2,132.42,264.84,Completed
2025-12-01,NW-060,cea6a5f1-c729-44c1-8748-2d23cbd5b7d4,Extra Batch Product,5,457.79,2288.9500000000003,Completed
2025-12-15,NW-081,cf856132-7991-45b2-b98f-f6cfb7d6e202,Extra Batch Product,2,298.06,596.12,Completed
2025-12-04,NW-062,33fa4984-072a-4cca-96cf-7c2b8d05ab1f,Extra Batch Product,5,462.61,2313.05,Completed
2025-11-24,NW-067,09be2e67-f11c-4373-99c1-36523b5f9613,Extra Batch Product,2,317.51,635.02,Completed
2025-12-01,NW-033,309ab745-066e-44f6-8078-7cd53830cfd6,Extra Batch Product,3,447.26,1341.78,Completed
2025-12-01,NW-092,f44f00ce-5390-4789-9bb1-3db96ff053a2,Extra Batch Product,1,162.94,162.94,Completed
2025-12-08,NW-048,6e0c22a7-21c2-47aa-a8eb-a3ff2f42cafa,Extra Batch Product,1,233.6,233.6,Completed
2025-11-27,NW-045,547e579d-2a78-4d1d-96f4-1f4f441db108,Extra Batch Product,1,472.04,472.04,Completed
2025-12-12,NW-100,0333cc7d-265c-46ae-972c-84a4a94b517c,Extra Batch Product,3,401.09,1203.27,Completed
2025-11-29,NW-007,41e52275-659b-426a-a8e7-7a6201e70222,Extra Batch Product,5,452.35,2261.75,Completed
2025-12-21,NW-058,f43645dd-82da-4dfa-bd4b-3a1a660d387e,Extra Batch Product,1,111.7,111.7,Completed
2025-12-05,NW-023,d997d4a5-05e6-4192-aae2-6b57f05bce57,Extra Batch Product,2,151.55,303.1,Completed
2025-11-23,NW-107,67170825-3ffe-4fd7-b0c4-4cd4ef506f8a,Extra Batch Product,5,397.4,1987.0,Completed
2025-12-08,NW-159,c3665805-f2ce-43e1-8d37-a4ddf54e8174,Extra Batch Product,2,427.19,854.38,Completed
2025-12-14,NW-077,4edf8b49-2481-4904-a6a5-182e201a006b,Extra Batch Product,5,203.48,1017.4,Completed
2025-11-23,NW-013,81e761fe-df3f-4734-8894-c1ad02b8ee3b,Extra Batch Product,3,492.47,1477.41,Completed
2025-12-13,NW-017,60f26811-a1a9-4e46-9c10-e6c2d3e8b003,Extra Batch Product,2,353.6,707.2,Completed
2025-12-18,NW-088,5f0c939f-8849-4192-81c3-380a04f1f060,Extra Batch Product,5,411.94,2059.7,Completed
2025-12-01,NW-070,c62a6eb2-8d78-4187-93e4-e5bec40adbc3,Extra Batch Product,3,404.41,1213.23,Completed
2025-12-11,NW-074,11992c98-0a2c-40ed-be2f-bd4f79c6b5fc,Extra Batch Product,1,485.2,485.2,Completed
2025-11-26,NW-063,d9b7d233-41f0-418f-a2a2-c39632ef530b,Extra Batch Product,4,353.05,1412.2,Completed
2025-12-06,NW-037,d40b007e-3a93-43a3-98d5-db65c4323e2e,Extra Batch Product,5,415.52,2077.6,Completed
2025-11-29,NW-148,0bc2e1d5-a3c7-48b6-a929-a776b97661be,Extra Batch Product,4,127.13,508.52,Completed
2025-11-22,NW-017,7b51007e-0a7e-48c6-abbf-e5af78ab2df4,Extra Batch Product,4,126.94,507.76,Completed
2025-12-05,NW-138,c58b5a90-f73b-421d-98e9-bae0ce5a669a,Extra Batch Product,1,123.17,123.17,Completed
2025-12-10,NW-120,aaa26152-6251-4ae1-9a42-af4b82747e96,Extra Batch Product,3,440.97,1322.91,Completed
2025-12-13,NW-014,a9e22c23-9df8-4c0b-a0e1-b2b360135db4,Extra Batch Product,5,278.38,1391.9,Completed
2025-12-13,NW-180,12fe365e-86c8-4807-8254-e88d4ba1832a,Extra Batch Product,5,253.44,1267.2,Completed
2025-12-06,NW-029,86d68a2a-c423-43f8-9313-21dd5f478f4e,Extra Batch Product,3,428.61,1285.83,Completed
2025-12-14,NW-111,e07be3d3-0533-4d3e-b588-7e8a2a98a845,Extra Batch Product,3,201.0,603.0,Completed
2025-12-11,NW-026,2e3adf71-96c2-4d92-a194-c83b5026ed4e,Extra Batch Product,2,209.45,418.9,Completed
2025-11-23,NW-029,5df698ed-801f-414f-b70e-61f0674dfd36,Extra Batch Product,4,270.47,1081.88,Completed
2025-11-30,NW-141,b10fc52a-66ff-40f5-bf31-8c56cd7bf6ac,Extra Batch Product,1,165.45,165.45,Completed
2025-12-06,NW-119,4a09dff9-ced3-4049-a327-bcd33419b9a8,Extra Batch Product,5,377.47,1887.3500000000001,Completed
2025-12-07,NW-116,3cf4655d-c0c7-49ba-9881-356a19a416bb,Extra Batch Product,2,409.13,818.26,Completed
2025-12-02,NW-084,91a6eaab-940a-4a8a-9e50-d96f3f2602dc,Extra Batch Product,3,209.3,627.9000000000001,Completed
2025-12-05,NW-081,779e3573-e231-431b-afca-d448ec1e8afd,Extra Batch Product,4,112.52,450.08,Completed
2025-11-25,NW-021,8aef4c54-0b07-41c6-8ad5-4bbbb2505dd3,Extra Batch Product,5,355.41,1777.0500000000002,Completed
2025-11-29,NW-006,a0f66c85-79e3-47d2-80dd-bf1ab6a2ed67,Extra Batch Product,3,209.69,629.0699999999999,Completed
2025-12-13,NW-131,c386946b-c52c-4d69-8553-fc89672dc6f2,Extra Batch Product,3,263.73,791.19,Completed
2025-12-06,NW-124,b923d40d-46b3-40c8-bfb9-622b6f198f3e,Extra Batch Product,2,185.24,370.48,Completed
2025-12-03,NW-064,e9d76c78-bc21-47be-acab-ad40e6f21932,Extra Batch Product,1,360.67,360.67,Completed
2025-12-15,NW-012,042b3fc6-22f3-43b9-a73f-78235739a949,Extra Batch Product,2,445.74,891.48,Completed
2025-12-15,NW-027,66f54275-fad5-478c-b25e-a173f235f64b,Extra Batch Product,4,174.21,696.84,Completed
2025-12-14,NW-145,641349dd-efac-4006-8e71-ce526fafa449,Extra Batch Product,5,410.64,2053.2,Completed
2025-12-20,NW-079,4ad1e7e1-e996-4744-a163-ae6954168d5c,Extra Batch Product,3,437.91,1313.73,Completed
2025-12-21,NW-131,51e02282-7a0d-4272-ae03-85cf7a4606b4,Extra Batch Product,5,152.5,762.5,Completed
2025-12-17,NW-024,a15add8c-7616-4ffa-9087-6877da908544,Extra Batch Product,4,487.0,1948.0,Completed
2025-12-03,NW-148,177c6036-f749-4200-8b2f-266725619ff3,Extra Batch Product,1,100.49,100.49,Completed
2025-12-05,NW-017,739da2e8-ce34-4999-9edb-265a49c0991e,Extra Batch Product,4,199.02,796.08,Completed
2025-12-03,NW-009,6ab6f115-92ce-47f7-92ce-74a21c76b778,Extra Batch Product,1,164.33,164.33,Completed
2025-11-24,NW-117,e7f3f2d8-b1f3-4ca0-8029-4d0e5de52160,Extra Batch Product,2,419.02,838.04,Completed
2025-12-11,NW-139,af1d938a-e5a1-4907-89fb-fb3f8cc56ca7,Extra Batch Product,5,159.83,799.1500000000001,Completed
2025-11-30,NW-021,ad2f6e3d-f0ad-4859-904d-5121e7912207,Extra Batch Product,2,372.18,744.36,Completed
2025-11-25,NW-082,9f520d50-058f-4efc-b621-e6b9f9d884c6,Extra Batch Product,3,377.99,1133.97,Completed
2025-12-16,NW-033,53295f8d-e73e-4849-8e63-4966e28a3e90,Extra Batch Product,4,411.94,1647.76,Completed
2025-11-23,NW-136,789b143d-ebd5-41c5-a022-862faf703a93,Extra Batch Product,3,292.2,876.5999999999999,Completed
